<?xml version='1.0' encoding='utf-8' standalone='yes' ?>
<map>
    <boolean name="pref_always_ask_for_sim_card" value="true" />
    <int name="last_version_code" value="145" />
    <boolean name="pref_rating_enabled" value="false" />
    <boolean name="pref_show_sent_time" value="true" />
    <boolean name="pref_screen_security" value="true" />
    <boolean name="pref_media_download_roaming" value="false" />
    <boolean name="pref_delivery_report_sms" value="true" />
    <boolean name="pref_prompted_delivery_reports" value="true" />
    <int name="keyboard_height_portrait" value="685" />
    <boolean name="pref_delivery_report_toast_sms" value="true" />
    <boolean name="pref_incognito_keyboard" value="false" />
    <boolean name="pref_enable_passphrase_temporary" value="true" />
    <boolean name="pref_auto_complete_key_exchange" value="true" />
    <string name="pref_notification_privacy">all</string>
    <boolean name="pref_trim_threads" value="false" />
    <string name="pref_language">zz</string>
    <boolean name="pref_timeout_passphrase" value="false" />
    <boolean name="pref_hide_unread_message_divider" value="false" />
    <boolean name="pref_all_sms" value="true" />
    <string name="pref_repeat_alerts">0</string>
    <boolean name="pref_all_mms" value="true" />
    <boolean name="pref_disable_emoji_drawer" value="true" />
    <boolean name="pref_wifi_sms" value="false" />
    <boolean name="pref_system_emoji" value="true" />
    <string name="pref_key_ringtone">content://settings/system/notification_sound</string>
    <boolean name="pref_media_download" value="false" />
    <boolean name="pref_disable_passphrase" value="false" />
    <string name="pref_trim_length">500</string>
    <boolean name="is_first_run" value="false" />
    <string name="pref_led_color">green</string>
    <string name="pref_enter_key_type">enter</string>
    <string name="pref_theme">light</string>
    <boolean name="pref_key_vibrate" value="true" />
    <boolean name="permissions_asked" value="true" />
    <boolean name="pref_key_inthread_notifications" value="true" />
    <string name="pref_led_blink">500,2000</string>
    <boolean name="pref_key_enable_notifications" value="true" />
    <boolean name="pref_prompted_default_sms" value="false" />
</map>
