<?xml version='1.0' encoding='utf-8' standalone='yes' ?>
<map>
    <int name="passphrase_iterations" value="18743" />
    <boolean name="passphrase_initialized" value="true" />
    <string name="master_secret">/HKfpIBcOS94xxk3V+KuwGG8w6JMG67JK30vU9BB+k2LvU7Jk3sGd4j477m6EMi+Xx7LBS7iMUS11xuvx+zDPv8e16k=</string>
    <string name="asymmetric_master_secret_curve25519_private">S50Z7P9sdnhQdr+IVQ9U6ew+iUdTSFx4z+uO+8/F8LB1xytfDqhlz7ISAy3DQUzmVVGOIbI6KzzqTFYm2HtlNBUp3dtE3ujIi2HEQjxZBpwq2a5o</string>
    <string name="encryption_salt">9Be77hAJpDuviHX1s3iL6Q==</string>
    <string name="pref_identity_private_curve25519">I608P8gIzbHkh1A4ulinQhBo0h+mFU8hIjpV5YoRpZWy7IqvdoGlvbwVrUEcGgr0N9lPneHrigLsQv7oE+FQFVCnkv4ij2JBa3WyY1fekpVejN5/</string>
    <string name="mac_salt">QdB3nWZZ1Y7s5JrWq/dzww==</string>
    <string name="asymmetric_master_secret_curve25519_public">BSVqnzyu4pBX7+fWs9oTToNFlMGlZ0e6F7puN7hmjOFG</string>
    <string name="pref_identity_public_curve25519">BUM/3NOyDAI/O1Q7TjHoY2ZrsmPX+vo1DJdxqJnkkhlv</string>
</map>
